Vehicle_Anti_Theft_Device,PolicyNo,Driver_Minimum_Age,Vehicle_Age_In_Years,Annual_Premium,Loss_Amount,Loss_Ratio
Active Disabling,308411274.27522933,47.18348623853211,6.247706422018348,424.71027522935776,80.22880733944955,0.18890244013080046
Alarm Only,311003171.0153846,46.15128205128205,5.987179487179487,415.55284615384613,305.99664102564105,0.7363603543034208
Not Applicable,312583912.09062713,47.352515506547206,8.283252929014473,263.4472122674018,158.09115093039284,0.6000866343194726
Passive Disabling-Vehicle Recovery,323776055.05118364,43.64939219449776,5.136276391554702,446.3223544465771,516.5275431861804,1.1572970478403555
